id,pdb1l2j.pdb,pdb1nde.pdb,pdb1qkm.pdb,pdb1u3q.pdb,pdb1u3r.pdb,pdb1u3s.pdb,pdb1u9e.pdb,pdb1x76.pdb,pdb1x78.pdb,pdb1x7b.pdb,pdb1x7j.pdb,pdb1yy4.pdb,pdb1yye.pdb,pdb1zaf.pdb,pdb2fsz.pdb,pdb2giu.pdb,pdb2i0g.pdb,pdb2jj3.pdb,pdb2nv7.pdb,pdb2qtu.pdb,pdb2yjd.pdb,pdb2yly.pdb,pdb2z4b.pdb,pdb3oll.pdb,pdb3ols.pdb,pdb3omo.pdb,pdb3omp.pdb,pdb3omq.pdb,pdb4j24.pdb,pdb4j26.pdb,pdb4zi1.pdb,pdb5toa.pdb,pdb7xvy.pdb,pdb7xvz.pdb,pdb7xwp.pdb,pdb7xwq.pdb,pdb7xwr.pdb
pdb1l2j.pdb,232.000000,53.000000,6.000000,0.000000,224.000000,219.000000,0.000000,218.000000,221.000000,221.000000,218.000000,218.000000,221.000000,221.000000,0.000000,3.000000,0.000000,0.000000,221.000000,0.000000,217.000000,0.000000,0.000000,218.000000,218.000000,218.000000,218.000000,218.000000,213.000000,220.000000,224.000000,0.000000,0.000000,0.000000,0.000000,0.000000,0.000000
pdb1nde.pdb,53.000000,54.000000,7.000000,0.000000,52.000000,49.000000,0.000000,49.000000,52.000000,52.000000,49.000000,49.000000,52.000000,52.000000,0.000000,4.000000,0.000000,0.000000,52.000000,0.000000,49.000000,0.000000,0.000000,48.000000,48.000000,48.000000,48.000000,48.000000,48.000000,52.000000,53.000000,0.000000,0.000000,0.000000,0.000000,0.000000,0.000000
pdb1qkm.pdb,6.000000,7.000000,7.000000,0.000000,7.000000,4.000000,0.000000,4.000000,7.000000,7.000000,4.000000,4.000000,7.000000,7.000000,0.000000,4.000000,0.000000,0.000000,7.000000,0.000000,4.000000,0.000000,0.000000,4.000000,4.000000,4.000000,4.000000,4.000000,4.000000,5.000000,7.000000,0.000000,0.000000,0.000000,0.000000,0.000000,0.000000
pdb1u3q.pdb,0.000000,0.000000,0.000000,227.000000,0.000000,0.000000,224.000000,0.000000,0.000000,0.000000,0.000000,0.000000,0.000000,0.000000,220.000000,0.000000,216.000000,218.000000,0.000000,214.000000,0.000000,219.000000,216.000000,0.000000,0.000000,0.000000,0.000000,0.000000,0.000000,0.000000,0.000000,225.000000,219.000000,221.000000,220.000000,220.000000,221.000000
pdb1u3r.pdb,224.000000,52.000000,7.000000,0.000000,231.000000,226.000000,0.000000,225.000000,228.000000,228.000000,225.000000,225.000000,228.000000,227.000000,0.000000,4.000000,0.000000,0.000000,228.000000,0.000000,223.000000,0.000000,0.000000,219.000000,222.000000,222.000000,222.000000,222.000000,218.000000,224.000000,227.000000,0.000000,0.000000,0.000000,0.000000,0.000000,0.000000
pdb1u3s.pdb,219.000000,49.000000,4.000000,0.000000,226.000000,227.000000,0.000000,225.000000,225.000000,225.000000,225.000000,225.000000,225.000000,224.000000,0.000000,3.000000,0.000000,0.000000,225.000000,0.000000,223.000000,0.000000,0.000000,219.000000,223.000000,223.000000,223.000000,223.000000,217.000000,223.000000,224.000000,0.000000,0.000000,0.000000,0.000000,0.000000,0.000000
pdb1u9e.pdb,0.000000,0.000000,0.000000,224.000000,0.000000,0.000000,228.000000,0.000000,0.000000,0.000000,0.000000,0.000000,0.000000,0.000000,222.000000,0.000000,215.000000,219.000000,0.000000,215.000000,0.000000,218.000000,217.000000,0.000000,0.000000,0.000000,0.000000,0.000000,0.000000,0.000000,0.000000,228.000000,218.000000,220.000000,220.000000,220.000000,221.000000
pdb1x76.pdb,218.000000,49.000000,4.000000,0.000000,225.000000,225.000000,0.000000,225.000000,225.000000,225.000000,225.000000,225.000000,225.000000,224.000000,0.000000,3.000000,0.000000,0.000000,225.000000,0.000000,223.000000,0.000000,0.000000,217.000000,222.000000,222.000000,222.000000,222.000000,217.000000,222.000000,223.000000,0.000000,0.000000,0.000000,0.000000,0.000000,0.000000
pdb1x78.pdb,221.000000,52.000000,7.000000,0.000000,228.000000,225.000000,0.000000,225.000000,228.000000,228.000000,225.000000,225.000000,228.000000,227.000000,0.000000,4.000000,0.000000,0.000000,228.000000,0.000000,223.000000,0.000000,0.000000,218.000000,222.000000,222.000000,222.000000,222.000000,218.000000,223.000000,226.000000,0.000000,0.000000,0.000000,0.000000,0.000000,0.000000
pdb1x7b.pdb,221.000000,52.000000,7.000000,0.000000,228.000000,225.000000,0.000000,225.000000,228.000000,228.000000,225.000000,225.000000,228.000000,227.000000,0.000000,4.000000,0.000000,0.000000,228.000000,0.000000,223.000000,0.000000,0.000000,218.000000,222.000000,222.000000,222.000000,222.000000,218.000000,223.000000,226.000000,0.000000,0.000000,0.000000,0.000000,0.000000,0.000000
pdb1x7j.pdb,218.000000,49.000000,4.000000,0.000000,225.000000,225.000000,0.000000,225.000000,225.000000,225.000000,225.000000,225.000000,225.000000,224.000000,0.000000,3.000000,0.000000,0.000000,225.000000,0.000000,223.000000,0.000000,0.000000,217.000000,222.000000,222.000000,222.000000,222.000000,217.000000,222.000000,223.000000,0.000000,0.000000,0.000000,0.000000,0.000000,0.000000
pdb1yy4.pdb,218.000000,49.000000,4.000000,0.000000,225.000000,225.000000,0.000000,225.000000,225.000000,225.000000,225.000000,225.000000,225.000000,224.000000,0.000000,3.000000,0.000000,0.000000,225.000000,0.000000,223.000000,0.000000,0.000000,217.000000,222.000000,222.000000,222.000000,222.000000,217.000000,222.000000,223.000000,0.000000,0.000000,0.000000,0.000000,0.000000,0.000000
pdb1yye.pdb,221.000000,52.000000,7.000000,0.000000,228.000000,225.000000,0.000000,225.000000,228.000000,228.000000,225.000000,225.000000,228.000000,227.000000,0.000000,4.000000,0.000000,0.000000,228.000000,0.000000,223.000000,0.000000,0.000000,218.000000,222.000000,222.000000,222.000000,222.000000,218.000000,223.000000,226.000000,0.000000,0.000000,0.000000,0.000000,0.000000,0.000000
pdb1zaf.pdb,221.000000,52.000000,7.000000,0.000000,227.000000,224.000000,0.000000,224.000000,227.000000,227.000000,224.000000,224.000000,227.000000,228.000000,0.000000,4.000000,0.000000,0.000000,227.000000,0.000000,222.000000,0.000000,0.000000,217.000000,221.000000,221.000000,221.000000,221.000000,217.000000,222.000000,226.000000,0.000000,0.000000,0.000000,0.000000,0.000000,0.000000
pdb2fsz.pdb,0.000000,0.000000,0.000000,220.000000,0.000000,0.000000,222.000000,0.000000,0.000000,0.000000,0.000000,0.000000,0.000000,0.000000,227.000000,0.000000,214.000000,218.000000,0.000000,214.000000,0.000000,215.000000,216.000000,0.000000,0.000000,0.000000,0.000000,0.000000,0.000000,0.000000,0.000000,223.000000,217.000000,219.000000,219.000000,219.000000,220.000000
pdb2giu.pdb,3.000000,4.000000,4.000000,0.000000,4.000000,3.000000,0.000000,3.000000,4.000000,4.000000,3.000000,3.000000,4.000000,4.000000,0.000000,4.000000,0.000000,0.000000,4.000000,0.000000,3.000000,0.000000,0.000000,2.000000,3.000000,3.000000,3.000000,3.000000,2.000000,3.000000,4.000000,0.000000,0.000000,0.000000,0.000000,0.000000,0.000000
pdb2i0g.pdb,0.000000,0.000000,0.000000,216.000000,0.000000,0.000000,215.000000,0.000000,0.000000,0.000000,0.000000,0.000000,0.000000,0.000000,214.000000,0.000000,222.000000,222.000000,0.000000,220.000000,0.000000,214.000000,222.000000,0.000000,0.000000,0.000000,0.000000,0.000000,0.000000,0.000000,0.000000,218.000000,209.000000,211.000000,211.000000,211.000000,212.000000
pdb2jj3.pdb,0.000000,0.000000,0.000000,218.000000,0.000000,0.000000,219.000000,0.000000,0.000000,0.000000,0.000000,0.000000,0.000000,0.000000,218.000000,0.000000,222.000000,226.000000,0.000000,222.000000,0.000000,216.000000,224.000000,0.000000,0.000000,0.000000,0.000000,0.000000,0.000000,0.000000,0.000000,222.000000,211.000000,213.000000,213.000000,213.000000,214.000000
pdb2nv7.pdb,221.000000,52.000000,7.000000,0.000000,228.000000,225.000000,0.000000,225.000000,228.000000,228.000000,225.000000,225.000000,228.000000,227.000000,0.000000,4.000000,0.000000,0.000000,228.000000,0.000000,223.000000,0.000000,0.000000,218.000000,222.000000,222.000000,222.000000,222.000000,218.000000,223.000000,226.000000,0.000000,0.000000,0.000000,0.000000,0.000000,0.000000
pdb2qtu.pdb,0.000000,0.000000,0.000000,214.000000,0.000000,0.000000,215.000000,0.000000,0.000000,0.000000,0.000000,0.000000,0.000000,0.000000,214.000000,0.000000,220.000000,222.000000,0.000000,222.000000,0.000000,212.000000,222.000000,0.000000,0.000000,0.000000,0.000000,0.000000,0.000000,0.000000,0.000000,218.000000,207.000000,209.000000,209.000000,209.000000,210.000000
pdb2yjd.pdb,217.000000,49.000000,4.000000,0.000000,223.000000,223.000000,0.000000,223.000000,223.000000,223.000000,223.000000,223.000000,223.000000,222.000000,0.000000,3.000000,0.000000,0.000000,223.000000,0.000000,223.000000,0.000000,0.000000,215.000000,220.000000,220.000000,220.000000,220.000000,217.000000,221.000000,222.000000,0.000000,0.000000,0.000000,0.000000,0.000000,0.000000
pdb2yly.pdb,0.000000,0.000000,0.000000,219.000000,0.000000,0.000000,218.000000,0.000000,0.000000,0.000000,0.000000,0.000000,0.000000,0.000000,215.000000,0.000000,214.000000,216.000000,0.000000,212.000000,0.000000,221.000000,214.000000,0.000000,0.000000,0.000000,0.000000,0.000000,0.000000,0.000000,0.000000,219.000000,212.000000,214.000000,214.000000,214.000000,215.000000
pdb2z4b.pdb,0.000000,0.000000,0.000000,216.000000,0.000000,0.000000,217.000000,0.000000,0.000000,0.000000,0.000000,0.000000,0.000000,0.000000,216.000000,0.000000,222.000000,224.000000,0.000000,222.000000,0.000000,214.000000,224.000000,0.000000,0.000000,0.000000,0.000000,0.000000,0.000000,0.000000,0.000000,220.000000,209.000000,211.000000,211.000000,211.000000,212.000000
pdb3oll.pdb,218.000000,48.000000,4.000000,0.000000,219.000000,219.000000,0.000000,217.000000,218.000000,218.000000,217.000000,217.000000,218.000000,217.000000,0.000000,2.000000,0.000000,0.000000,218.000000,0.000000,215.000000,0.000000,0.000000,227.000000,219.000000,219.000000,219.000000,219.000000,213.000000,217.000000,218.000000,0.000000,0.000000,0.000000,0.000000,0.000000,0.000000
pdb3ols.pdb,218.000000,48.000000,4.000000,0.000000,222.000000,223.000000,0.000000,222.000000,222.000000,222.000000,222.000000,222.000000,222.000000,221.000000,0.000000,3.000000,0.000000,0.000000,222.000000,0.000000,220.000000,0.000000,0.000000,219.000000,227.000000,227.000000,227.000000,227.000000,214.000000,219.000000,220.000000,0.000000,0.000000,0.000000,0.000000,0.000000,0.000000
pdb3omo.pdb,218.000000,48.000000,4.000000,0.000000,222.000000,223.000000,0.000000,222.000000,222.000000,222.000000,222.000000,222.000000,222.000000,221.000000,0.000000,3.000000,0.000000,0.000000,222.000000,0.000000,220.000000,0.000000,0.000000,219.000000,227.000000,227.000000,227.000000,227.000000,214.000000,219.000000,220.000000,0.000000,0.000000,0.000000,0.000000,0.000000,0.000000
pdb3omp.pdb,218.000000,48.000000,4.000000,0.000000,222.000000,223.000000,0.000000,222.000000,222.000000,222.000000,222.000000,222.000000,222.000000,221.000000,0.000000,3.000000,0.000000,0.000000,222.000000,0.000000,220.000000,0.000000,0.000000,219.000000,227.000000,227.000000,227.000000,227.000000,214.000000,219.000000,220.000000,0.000000,0.000000,0.000000,0.000000,0.000000,0.000000
pdb3omq.pdb,218.000000,48.000000,4.000000,0.000000,222.000000,223.000000,0.000000,222.000000,222.000000,222.000000,222.000000,222.000000,222.000000,221.000000,0.000000,3.000000,0.000000,0.000000,222.000000,0.000000,220.000000,0.000000,0.000000,219.000000,227.000000,227.000000,227.000000,227.000000,214.000000,219.000000,220.000000,0.000000,0.000000,0.000000,0.000000,0.000000,0.000000
pdb4j24.pdb,213.000000,48.000000,4.000000,0.000000,218.000000,217.000000,0.000000,217.000000,218.000000,218.000000,217.000000,217.000000,218.000000,217.000000,0.000000,2.000000,0.000000,0.000000,218.000000,0.000000,217.000000,0.000000,0.000000,213.000000,214.000000,214.000000,214.000000,214.000000,219.000000,217.000000,218.000000,0.000000,0.000000,0.000000,0.000000,0.000000,0.000000
pdb4j26.pdb,220.000000,52.000000,5.000000,0.000000,224.000000,223.000000,0.000000,222.000000,223.000000,223.000000,222.000000,222.000000,223.000000,222.000000,0.000000,3.000000,0.000000,0.000000,223.000000,0.000000,221.000000,0.000000,0.000000,217.000000,219.000000,219.000000,219.000000,219.000000,217.000000,226.000000,224.000000,0.000000,0.000000,0.000000,0.000000,0.000000,0.000000
pdb4zi1.pdb,224.000000,53.000000,7.000000,0.000000,227.000000,224.000000,0.000000,223.000000,226.000000,226.000000,223.000000,223.000000,226.000000,226.000000,0.000000,4.000000,0.000000,0.000000,226.000000,0.000000,222.000000,0.000000,0.000000,218.000000,220.000000,220.000000,220.000000,220.000000,218.000000,224.000000,230.000000,0.000000,0.000000,0.000000,0.000000,0.000000,0.000000
pdb5toa.pdb,0.000000,0.000000,0.000000,225.000000,0.000000,0.000000,228.000000,0.000000,0.000000,0.000000,0.000000,0.000000,0.000000,0.000000,223.000000,0.000000,218.000000,222.000000,0.000000,218.000000,0.000000,219.000000,220.000000,0.000000,0.000000,0.000000,0.000000,0.000000,0.000000,0.000000,0.000000,232.000000,218.000000,220.000000,220.000000,220.000000,221.000000
pdb7xvy.pdb,0.000000,0.000000,0.000000,219.000000,0.000000,0.000000,218.000000,0.000000,0.000000,0.000000,0.000000,0.000000,0.000000,0.000000,217.000000,0.000000,209.000000,211.000000,0.000000,207.000000,0.000000,212.000000,209.000000,0.000000,0.000000,0.000000,0.000000,0.000000,0.000000,0.000000,0.000000,218.000000,222.000000,222.000000,221.000000,221.000000,222.000000
pdb7xvz.pdb,0.000000,0.000000,0.000000,221.000000,0.000000,0.000000,220.000000,0.000000,0.000000,0.000000,0.000000,0.000000,0.000000,0.000000,219.000000,0.000000,211.000000,213.000000,0.000000,209.000000,0.000000,214.000000,211.000000,0.000000,0.000000,0.000000,0.000000,0.000000,0.000000,0.000000,0.000000,220.000000,222.000000,224.000000,223.000000,223.000000,224.000000
pdb7xwp.pdb,0.000000,0.000000,0.000000,220.000000,0.000000,0.000000,220.000000,0.000000,0.000000,0.000000,0.000000,0.000000,0.000000,0.000000,219.000000,0.000000,211.000000,213.000000,0.000000,209.000000,0.000000,214.000000,211.000000,0.000000,0.000000,0.000000,0.000000,0.000000,0.000000,0.000000,0.000000,220.000000,221.000000,223.000000,224.000000,224.000000,224.000000
pdb7xwq.pdb,0.000000,0.000000,0.000000,220.000000,0.000000,0.000000,220.000000,0.000000,0.000000,0.000000,0.000000,0.000000,0.000000,0.000000,219.000000,0.000000,211.000000,213.000000,0.000000,209.000000,0.000000,214.000000,211.000000,0.000000,0.000000,0.000000,0.000000,0.000000,0.000000,0.000000,0.000000,220.000000,221.000000,223.000000,224.000000,224.000000,224.000000
pdb7xwr.pdb,0.000000,0.000000,0.000000,221.000000,0.000000,0.000000,221.000000,0.000000,0.000000,0.000000,0.000000,0.000000,0.000000,0.000000,220.000000,0.000000,212.000000,214.000000,0.000000,210.000000,0.000000,215.000000,212.000000,0.000000,0.000000,0.000000,0.000000,0.000000,0.000000,0.000000,0.000000,221.000000,222.000000,224.000000,224.000000,224.000000,225.000000
