pdb,radius,compactness,openness,n_pocket_res,PC1,PC2,PC3
1a52.pdb,6.47310209274292,1.396726369857788,7.692232131958008,16,-0.046394570821876945,-0.28816414911868576,0.575373495725622
1ere.pdb,6.422775745391846,1.3837802410125732,7.9182047843933105,13,-0.06030958795985048,0.61838850350533,0.0032019796951366338
1err.pdb,6.572323799133301,1.444419503211975,7.95550012588501,17,0.06670122114372093,0.9297866840061635,0.24154711181452518
1g50.pdb,5.366662502288818,1.718701958656311,7.761850357055664,12,-2.4186848766198668,-0.3959046347649586,-0.5735652276326816
1gwq.pdb,6.601375579833984,1.449113368988037,7.989288330078125,16,0.10994380157103464,1.0952070404229046,0.21927526426790617
1gwr.pdb,6.3760833740234375,1.4372037649154663,7.820945739746094,13,-0.2559107982903723,0.23034549113809166,0.23643243068227474
1hcp.pdb,5.880929470062256,1.2752206325531006,7.446572303771973,14,-0.7972680607289186,-1.8195949571339993,0.0462060459542083
1hcq.pdb,6.162342071533203,1.1182382106781006,7.740365982055664,3,0.008362318815732656,-0.5530412515359328,-0.45223404413019946
1l2i.pdb,6.389896869659424,1.369849681854248,7.968987941741943,13,-0.07636360491833992,0.7976633937606749,-0.1751215095967733
1pcg.pdb,6.227447032928467,1.3352643251419067,7.644520759582519,12,-0.32658996580786953,-0.7059287032669854,0.2217968174522269
1qkt.pdb,6.787694454193115,0.5506279468536377,7.316622734069824,7,2.0276687107478204,-2.4814438916291714,0.33737602589723376
1qku.pdb,5.535716533660889,1.727747082710266,7.862179756164551,13,-2.1490850970184976,0.14375144327820713,-0.5312229167738737
1r5k.pdb,6.075490951538086,1.6526422500610352,7.932450771331787,10,-1.131901697125069,0.7139950900201596,-0.04821697989287651
1sj0.pdb,6.909276008605957,1.039473533630371,7.852402687072754,9,1.369785882717989,0.32255861297280275,0.22877329886983655
1uom.pdb,6.712094783782959,1.0076717138290403,7.6619462966918945,9,1.0832357871287508,-0.6364848632995447,0.2977376376467151
1x7e.pdb,6.34325647354126,1.4007025957107544,7.843311309814453,14,-0.23324469703276465,0.268302360981005,0.07892258467040614
1x7r.pdb,6.800235271453857,0.7843559980392456,7.594467639923096,7,1.6445293398037186,-1.0788106483585158,0.17511651400765452
1xp1.pdb,6.896402359008789,1.0251749753952026,7.972157478332519,9,1.398792527754133,0.8046936495453051,-0.06794022678331196
1xp6.pdb,6.9917097091674805,1.0358880758285522,7.996363639831543,10,1.5340171386675117,0.9781174865410047,0.03424064278609048
1xp9.pdb,6.931061267852783,1.0150595903396606,7.862447261810303,9,1.4536395702335265,0.35534829668140505,0.19565618955689693
1xpc.pdb,6.923352718353272,1.048861742019653,7.924454212188721,9,1.38704322696273,0.6439638272778017,0.11252408669546603
1xqc.pdb,6.031900882720947,1.17692232131958,7.633638381958008,6,-0.33239598181877844,-1.0296720525887704,-0.3081468854385871
1yim.pdb,6.933759689331055,1.0066314935684204,7.841344356536865,9,1.470455216373496,0.26013081190636267,0.2294272347127461
1yin.pdb,6.863547325134277,1.0359052419662476,7.836270332336426,9,1.3010344298612109,0.22184051780033207,0.1920580774001203
1zky.pdb,6.089410305023193,0.9342224597930908,7.925216674804687,10,0.28296805446632073,0.0012859766024163651,-1.268107605345992
2ayr.pdb,6.732163906097412,0.8516069054603577,7.794900894165039,7,1.4421320264064708,-0.21401597775891465,-0.22798419159966146
2b1v.pdb,6.102017402648926,0.7612557411193848,7.407196998596191,9,0.5446076030951771,-2.3378574061740656,-0.4556779340816937
2b1z.pdb,6.062249183654785,0.8096593022346497,7.510143280029297,8,0.40610919521973265,-1.8834320266241213,-0.6452970601256811
2b23.pdb,6.960175514221191,1.2699276208877563,7.988039970397949,8,1.0282041956252668,1.1479928863936293,0.41609237781694447
2bj4.pdb,5.743592739105225,1.684640645980835,7.79363489151001,11,-1.747188256269809,-0.052783836869732245,-0.16756480631946466
2fai.pdb,6.182127475738525,0.8091861009597778,7.596055507659912,8,0.6133308155824724,-1.4452116244474857,-0.6585667704526064
2g44.pdb,6.262190818786621,0.8692836165428162,7.597667694091797,10,0.6243761338909737,-1.329184385958703,-0.44383703488643667
2g5o.pdb,5.98872709274292,0.7689129710197449,7.3492536544799805,9,0.3390039695663132,-2.6471878122374726,-0.47976245008860835
2iog.pdb,6.77816915512085,0.6701402068138123,7.662574768066406,8,1.8434177054124847,-0.9161432769342993,-0.19977160512654393
2iok.pdb,6.378015995025635,1.3748141527175903,7.9821391105651855,14,-0.10250970563673724,0.8501748733148877,-0.21108675127963245
2jf9.pdb,6.362056255340576,1.1486101150512695,7.943868160247803,11,0.30408500114872833,0.4611751727560956,-0.5477358507696828
2jfa.pdb,5.801715850830078,1.572359561920166,7.789160251617432,12,-1.4376634692240104,-0.14231859700333424,-0.27205856844602644
2llo.pdb,5.245247840881348,1.7715924978256226,7.715555667877197,10,-2.722870051224573,-0.6178936878528136,-0.5547855181838085
2llq.pdb,5.213973522186279,1.6487879753112793,7.898722648620605,9,-2.50107577408812,0.014990885096955377,-1.2012925994777934
2ocf.pdb,7.013059616088867,0.8040517568588257,7.96457576751709,9,2.0120712423715075,0.6349541097650974,-0.27323523305430686
2ouz.pdb,6.838110446929932,1.0449590682983398,7.881011009216309,9,1.2511229093465195,0.40256987137804573,0.07719415551065546
2p15.pdb,6.278143405914307,1.3578318357467651,7.600196361541748,12,-0.29777808373500964,-0.8382598626756901,0.4267173605098739
2pog.pdb,6.31667423248291,1.3768186569213867,7.713440418243408,14,-0.2527653279000853,-0.31849650849550304,0.2745885565226823
2q6j.pdb,6.277085304260254,1.3527859449386597,7.952374458312988,13,-0.22573312124299968,0.6388523170570479,-0.32921230412080016
2q70.pdb,6.329573154449463,1.3712009191513062,7.826647281646728,14,-0.20079208464806214,0.1609762604535514,0.04333052105552109
2qa6.pdb,6.587718486785889,1.4395368099212646,7.914752960205078,16,0.09326854168953343,0.7634332874651256,0.3410473233060956
2qa8.pdb,6.161868095397949,1.2544174194335938,7.940035343170166,11,-0.22038776704630544,0.4182674820112834,-0.6377700801065896
2qab.pdb,6.374084949493408,1.4154866933822632,7.966733455657959,14,-0.19048221293389642,0.8219245683310189,-0.11298318667267306
2qe4.pdb,6.364185333251953,1.3571168184280396,7.906067371368408,14,-0.10398225293924448,0.5040086143282992,-0.10049203486712804
2qgt.pdb,6.328298091888428,1.4165005683898926,7.913938522338867,14,-0.2748735612633882,0.5712306049340332,-0.064156009803525
2qgw.pdb,6.361536502838135,1.433692216873169,7.852863788604736,14,-0.26644389328148893,0.35199727309801637,0.14216090342062634
2qh6.pdb,6.22346305847168,1.3085668087005615,7.850916385650635,12,-0.24365266315267523,0.1347387476983978,-0.2674419703452353
2qr9.pdb,6.174164295196533,1.343371868133545,7.607872009277344,12,-0.43373943397550785,-0.8866376413989487,0.23823509628449538
2qse.pdb,6.376503467559815,1.4054992198944092,7.966312408447266,14,-0.16733125303473959,0.8120962863332792,-0.12611855708276629
2qxm.pdb,6.455716609954834,1.4575468301773071,7.980759143829346,15,-0.13968814359496465,0.9738652530657612,0.04617555866246334
2qxs.pdb,6.032941818237305,1.152415156364441,7.669111251831055,10,-0.2767457015003165,-0.9032435035103703,-0.4245848217233906
2qzo.pdb,6.1386260986328125,1.34132981300354,7.977987766265869,12,-0.41911870064719087,0.6467363236642735,-0.5991622123069831
2r6w.pdb,6.180490970611572,1.313612461090088,7.803473949432373,12,-0.3304178140628149,-0.0877348103938645,-0.2189258605818304
2r6y.pdb,6.424221992492676,1.3728927373886108,7.983136653900146,14,-0.025094248660852008,0.8822013065327079,-0.15124291237902132
2yat.pdb,6.986893653869629,0.8553192615509033,7.899181365966797,5,1.8590926464739614,0.3921677429741707,-0.08221956638521907
2yja.pdb,6.309443473815918,1.437502145767212,7.922549724578857,15,-0.344056740373285,0.6155796383796347,-0.07235433140222565
3cbm.pdb,6.077098369598389,1.761632800102234,7.751662731170654,12,-1.3736541696264892,0.05878190309141909,0.5271902383381131
3cbo.pdb,6.181605339050293,1.745810866355896,7.876972198486328,15,-1.1539502111878828,0.6382228989965157,0.38197263831510087
3cbp.pdb,5.296745300292969,1.886232018470764,7.42211389541626,10,-2.916669241585485,-1.7098952280779538,0.33951516262040937
3dt3.pdb,6.361229419708252,1.3601957559585571,7.917240619659424,14,-0.11263058778991525,0.5521110895511175,-0.12294779710395796
3erd.pdb,6.019749164581299,1.453388214111328,7.81786584854126,12,-0.8547426239985166,0.004097593817307863,-0.23245410093388058
3ert.pdb,6.89573335647583,1.0199955701828003,7.863326549530029,9,1.3880205215610157,0.3411098841597463,0.15248052735409298
3hlv.pdb,6.4443559646606445,1.4062926769256592,7.938732147216797,15,-0.06593608042108737,0.7403263413359439,0.02956867313685547
3hm1.pdb,6.282573223114014,0.8595660328865051,7.686055660247803,10,0.6917039773852728,-0.9533357912713257,-0.6191327197683442
3l03.pdb,6.095862865447998,1.3913549184799194,7.776264190673828,12,-0.6208402091020894,-0.18184159682665965,-0.14514505959318044
3q95.pdb,5.84692907333374,1.4520219564437866,7.329563617706299,12,-1.2156693342658662,-2.163929208390005,0.5546968768809012
3uu7.pdb,6.124438762664795,1.2429012060165403,7.919536590576172,10,-0.26130670717625276,0.29685061773629334,-0.6673926333560588
3uua.pdb,6.033166408538818,1.254015326499939,7.519985675811768,11,-0.5006093019588267,-1.4331582338363058,0.06892405652100922
3uuc.pdb,7.069960117340088,0.6271791458129883,7.861837387084961,6,2.4271465392262734,0.06880663007764612,-0.2842398808830079
3uud.pdb,5.531173706054688,1.7955294847488403,7.807357311248779,13,-2.2977915195241727,-0.02475137089300296,-0.3031786736810059
4aa6.pdb,6.945942401885986,0.0558891296386718,7.001831531524658,2,3.1822686749195634,-4.181050011733581,0.36335241176901195
4dma.pdb,6.24143648147583,1.3867820501327517,7.912752628326416,13,-0.3556045566445077,0.48185961145578515,-0.23633386556777436
4iu7.pdb,6.510153293609619,1.445488452911377,7.978024959564209,16,-0.030186516565892794,0.9857146560085661,0.10784765515199238
4iui.pdb,6.573553085327148,1.4552356004714966,7.885052680969238,16,0.034879426407562926,0.6444033148456569,0.411326532822028
4iv2.pdb,6.416696071624756,1.430978536605835,7.940673351287842,15,-0.15748697032265394,0.7544846643869881,0.029481064985699953
4iv4.pdb,6.38262939453125,1.4178436994552612,7.965285301208496,15,-0.18172593614207558,0.8235832193248935,-0.09372262193106438
4ivw.pdb,6.321163654327393,1.3981314897537231,7.9162983894348145,14,-0.25015100745477253,0.5589105111628251,-0.11132246150438806
4ivy.pdb,6.5849690437316895,1.4338762760162354,7.902568817138672,16,0.09766647974010907,0.7049270307253367,0.35306948415407174
4iw6.pdb,6.494311332702637,1.425982117652893,7.952798366546631,16,-0.02211766373401464,0.8505709003575846,0.10479185650392141
4iw8.pdb,6.53195333480835,1.4272027015686035,7.774316787719727,16,0.002993113470432709,0.12452491371773414,0.5380062168110736
4iwc.pdb,6.211223125457764,1.3897322416305542,7.969517707824707,13,-0.39908800646699844,0.704270922310389,-0.3940683698879471
4iwf.pdb,6.502682209014893,1.4220268726348877,7.926869869232178,16,-0.005833400788814008,0.7429844262155421,0.16461032264329734
4jc3.pdb,6.276803493499756,1.1031594276428225,7.695127487182617,5,0.21149755789465752,-0.6844876952659904,-0.22100426721120162
4jdd.pdb,7.043788909912109,0.6643917560577393,7.97071647644043,5,2.3330709838574624,0.5461744670959315,-0.48674794561233486
4mg6.pdb,5.811182022094727,1.4428822994232178,7.6145219802856445,12,-1.2030686013328613,-0.996024976750593,-0.11510067521355077
4mg7.pdb,5.626670837402344,1.5158950090408323,7.23912239074707,12,-1.7064234968059167,-2.6246874616614817,0.54641066629659
4mg8.pdb,5.540048122406006,1.173930525779724,6.916279315948486,12,-1.2392806269461234,-4.368473095525637,0.5101651931839282
4mg9.pdb,5.377803802490234,1.7174662351608276,7.72934627532959,12,-2.404464142335741,-0.5267781404663592,-0.4911589059300845
4mga.pdb,6.36474609375,1.427386999130249,7.925190448760986,12,-0.23597244607339277,0.652482777298442,-0.01744353432656491
4mgb.pdb,5.407824516296387,1.8116694688797,7.837475299835205,13,-2.519869977879898,0.03835163041314613,-0.5131049934370387
4mgc.pdb,5.697669506072998,1.237722396850586,7.453788757324219,12,-1.0147312869920406,-1.9429886023068432,-0.29360869456094096
4mgd.pdb,5.047015190124512,1.972060322761536,7.952441692352295,11,-3.3842116702785243,0.4449380164804526,-0.9863520754206867
4o6f.pdb,5.278263092041016,1.6561676263809204,7.3057732582092285,12,-2.520769987276378,-2.432897219846528,0.15784424609396333
4pp6.pdb,6.260883808135986,1.3669174909591677,7.812617778778076,13,-0.3043006652382556,0.053676690843452786,-0.03154074117230399
4ppp.pdb,6.450366020202637,1.423209547996521,7.973387718200684,15,-0.08290937744091513,0.9063596731420147,-0.005758698771450915
4pps.pdb,6.3864054679870605,1.406578540802002,7.918575286865234,14,-0.16233972717240203,0.6185240742672323,-0.009169328687291473
4pxm.pdb,6.57164192199707,1.4487062692642212,7.978994846343994,16,0.06156372862386568,1.0323842761450608,0.1983288054504314
4q50.pdb,7.369294166564941,0.0,7.369294166564941,1,4.030910922053926,-2.4159334382616335,0.08615529824576748
4tuz.pdb,5.634013652801514,1.245572805404663,7.52059268951416,12,-1.1191021167015187,-1.6950780586234588,-0.5113086431838444
4tv1.pdb,5.571707725524902,1.6302292346954346,7.828787326812744,13,-1.9086653876140167,-0.06753559323484,-0.5799889289853138
4xi3.pdb,6.623959541320801,0.8943921327590942,7.751236915588379,7,1.1790484171307256,-0.4261680522348924,-0.21375263330537575
4zn7.pdb,6.164773941040039,1.309998631477356,7.590049743652344,12,-0.3871552374015208,-0.9998075600658547,0.20440075611919084
4zn9.pdb,6.286248683929443,1.4034818410873413,7.8510966300964355,14,-0.3279140417950902,0.26713915440545627,-0.013285950110682903
4znh.pdb,4.703243255615234,1.7459114789962769,7.349265575408935,10,-3.6017754094958554,-2.5327566449146843,-0.5902667206615141
4zns.pdb,6.309102535247803,1.4192566871643066,7.833592414855957,14,-0.3253451492664288,0.2233023005464458,0.08363155157985364
4znt.pdb,6.375133991241455,1.3951562643051147,7.898170471191406,14,-0.16181112869011235,0.5143927338427385,-0.001852657547499864
4znu.pdb,6.285892963409424,1.4057581424713137,7.722665786743164,14,-0.35621322380265175,-0.2715845911776906,0.2620970069730052
4znv.pdb,6.310783386230469,1.4106439352035522,7.817459583282471,14,-0.3088876731472295,0.1481773120677124,0.1051192413555584
4znw.pdb,6.2984938621521,1.3848084211349487,7.715519428253174,14,-0.29681334742646875,-0.31373324125468316,0.2584449794378668
5aau.pdb,6.29320764541626,1.4111659526824951,7.967222213745117,14,-0.31067163431534284,0.7678823941865259,-0.23588485233772022
5aav.pdb,6.224374294281006,1.322837233543396,7.984601974487305,12,-0.24562344494538463,0.7118610487239997,-0.5242623184222812
5acc.pdb,6.615673542022705,1.0853986740112305,7.772678375244141,7,0.7991255560032757,-0.1574546338343634,0.06277574957393957
5ak2.pdb,6.369473934173584,1.367464542388916,7.980652332305908,14,-0.10210724512859896,0.8313584835254031,-0.23285090348059476
5di7.pdb,6.477057933807373,1.455946683883667,7.99574613571167,15,-0.0999118615793104,1.0491262871693001,0.04181643591578118
5did.pdb,6.389508247375488,1.4308773279190063,7.903048515319824,14,-0.20737254618689246,0.5785280623595852,0.0705325082794855
5die.pdb,6.431509017944336,1.4309442043304443,7.950170516967773,15,-0.13213125102430887,0.803947569174978,0.03025203814348302
5dig.pdb,6.574052810668945,1.4421074390411377,7.838098526000977,16,0.05262420903584178,0.43441974492060065,0.48851145573538685
5dk9.pdb,6.420119285583496,1.4131160974502563,7.969281673431396,14,-0.11218671808253222,0.8599368319050729,-0.057449623730764614
5dkb.pdb,4.71694803237915,1.74247407913208,7.347155570983887,10,-3.5736864573512994,-2.5361449694141065,-0.5724320305711691
5dke.pdb,6.285597801208496,1.3687851428985596,7.849046230316162,14,-0.2619953911694496,0.224707294991916,-0.07047049816977065
5dkg.pdb,6.312923908233643,1.3929336071014404,7.879740715026855,14,-0.2598099144803685,0.3947123196834696,-0.05464983228245633
5dks.pdb,6.353392601013184,1.3841843605041504,7.988661766052246,14,-0.15867940984657297,0.8708357398561063,-0.24333420641799633
5dl4.pdb,6.418705940246582,1.3889143466949463,7.965047836303711,14,-0.0682420736461833,0.8179203781861233,-0.09275742479202186
5dlr.pdb,6.342919826507568,1.4188464879989624,7.842947006225586,14,-0.26905324673367287,0.28400874648618263,0.11091040671750318
5dmc.pdb,6.324617862701416,1.3942253589630127,7.918397903442383,14,-0.23669522582889552,0.566209664964886,-0.11770791026101388
5dmf.pdb,6.230428218841553,1.3410446643829346,7.918624401092529,12,-0.28330088366868994,0.45550535040586704,-0.3442161378566204
5dp0.pdb,6.216687679290772,1.338106632232666,7.633656024932861,12,-0.3511940422202339,-0.755844034130065,0.2345557126396152
5drj.pdb,6.561230659484863,1.4280868768692017,7.99398946762085,16,0.08773377655756998,1.0689861102748532,0.11584999753945506
5drm.pdb,6.5436835289001465,1.4125853776931765,7.999005794525146,16,0.09080943273173425,1.0639209711813296,0.053349945533886015
5dtv.pdb,6.456960678100586,1.4071913957595823,7.988038539886475,15,-0.03867653948512291,0.9568629191003061,-0.055434727562111444
5du5.pdb,6.392903804779053,1.4006747007369995,7.979458808898926,14,-0.1294927531695181,0.8733330647158245,-0.13919699340473626
5due.pdb,6.495238304138184,1.368916153907776,7.979982376098633,14,0.09502440436993617,0.910705796039472,-0.05112950432150994
5dug.pdb,6.351799964904785,1.375696301460266,7.903831481933594,14,-0.16014331055271608,0.5045166335916527,-0.08081171226247177
5duh.pdb,6.374642848968506,1.3826351165771484,7.86776876449585,14,-0.1438154592760664,0.3740415046102815,0.039947646821546966
5dvs.pdb,6.348855018615723,1.4183993339538574,7.906180381774902,14,-0.2472638214662763,0.5535986814607787,-0.015356969225177219
5dvv.pdb,6.369292736053467,1.4318495988845823,7.933183193206787,15,-0.2359477780593767,0.6933452256163968,-0.020143926364602903
5dwe.pdb,6.572049140930176,1.395635724067688,7.975123882293701,16,0.16448819485854493,0.9652899911473467,0.11440027370647636
5dwg.pdb,6.525413513183594,1.4373295307159424,7.987387180328369,16,0.01162139801296356,1.027080019251436,0.0953451288963242
5dwi.pdb,6.34080171585083,1.3997353315353394,7.832607746124268,14,-0.23721610645583413,0.2207339121090212,0.09642449525951509
5dwj.pdb,6.409289836883545,1.4289830923080444,7.874484062194824,14,-0.17741353752154126,0.469155733486477,0.1556607481634967
5dx3.pdb,6.405263423919678,1.3835136890411377,7.823680400848389,13,-0.10481219572354236,0.20894352319630496,0.178106809378411
5dxb.pdb,5.2333574295043945,1.8215285539627075,7.483471393585205,11,-2.8808171929208783,-1.5545459798608654,0.006993402909038691
5dxe.pdb,6.157710552215576,1.2099227905273438,7.961720943450928,10,-0.13672626395169715,0.4640838655629423,-0.7672786671845161
5dxg.pdb,4.62313175201416,1.732515811920166,7.21398401260376,10,-3.7277861186329404,-3.1666220368846667,-0.44048872200194006
5dxk.pdb,6.315942764282227,1.3795654773712158,7.977506637573242,13,-0.2113184089901611,0.7953776844657225,-0.2807200306161866
5dxm.pdb,6.290250778198242,1.3479106426239014,7.92946195602417,13,-0.19948860900408705,0.5461570849438465,-0.27060914903279437
5dxp.pdb,6.417163372039795,1.395857572555542,7.973874568939209,15,-0.08256637884171823,0.8607697306742588,-0.10149761417330333
5dxq.pdb,6.248456954956055,1.3677287101745603,7.933348655700684,13,-0.3037254261383278,0.5547450929284624,-0.30329664254001143
5dxr.pdb,6.397082328796387,1.4139635562896729,7.966577529907227,14,-0.1509700137980985,0.8345726041375338,-0.0828068645152132
5dy8.pdb,6.552388668060303,1.4232258796691897,7.984487533569336,16,0.08137499920151414,1.0186281202350336,0.1149782487958102
5dyb.pdb,6.429595470428467,1.4278517961502075,7.9541707038879395,15,-0.1284485741269806,0.8165839151883295,0.013676593247661527
5dyd.pdb,6.412360191345215,1.428214192390442,7.92733907699585,15,-0.16144143019332077,0.6929039866554514,0.04675466971019854
5dz0.pdb,6.429160118103027,1.4186666011810305,7.946916103363037,15,-0.11263501922326496,0.7769258258773056,0.012376429802920816
5dz1.pdb,6.392549991607666,1.4403692483901978,7.98696231842041,15,-0.20571766012665427,0.9428853405886458,-0.08624786375645146
5dz3.pdb,6.395689010620117,1.4139728546142578,7.972478866577148,15,-0.15213321915257424,0.8585309378940785,-0.09725419470583192
5dzh.pdb,6.327362537384033,1.4361789226531982,7.855710506439209,15,-0.3251173928552138,0.3444262702071509,0.0921727518717817
5dzi.pdb,6.380700588226318,1.3961411714553833,7.947733402252197,14,-0.14586871878866153,0.7275720678962141,-0.09719699483148614
5e0w.pdb,6.217166900634766,1.3905032873153689,7.747432708740234,14,-0.43144758904283753,-0.22613300893054353,0.08587123065663106
5e0x.pdb,6.254303455352783,1.391173243522644,7.764591693878174,14,-0.3705543873355336,-0.1293995919774898,0.10320537070921207
5e14.pdb,6.245685577392578,1.3755923509597778,7.703975677490234,14,-0.3650351184433436,-0.40511418015176487,0.1921428115780858
5e15.pdb,6.2310471534729,1.3706611394882202,7.612161636352539,14,-0.39542235933529746,-0.805790942291921,0.35722375847044835
5e19.pdb,6.380496501922607,1.398810863494873,7.960570812225342,14,-0.14904312341444104,0.7840541566443935,-0.12000120973939178
5e1c.pdb,6.46319055557251,1.3512177467346191,7.966598987579346,14,0.0759545220505045,0.8167525169436796,-0.09900822139205452
5egv.pdb,6.393131732940674,1.4597688913345337,7.918092727661133,15,-0.25493886136483734,0.6719870047873182,0.09426876125920285
5ehj.pdb,6.5434980392456055,1.4533300399780271,7.9455060958862305,16,0.0017396518016876373,0.8777722139656018,0.23752531208849928
5ei1.pdb,6.490323066711426,1.427438497543335,7.989871501922607,15,-0.024557787100268166,1.005486093006476,0.02320829036770803
5eit.pdb,6.40268087387085,1.4172340631484983,7.863067150115967,14,-0.16720189116225506,0.40554296379109944,0.1499682130640229
5fqp.pdb,6.665560245513916,0.942174792289734,7.818227767944336,7,1.1646715151044644,-0.07145145741456249,-0.21331797178663128
5fqr.pdb,6.772450923919678,1.0009400844573977,7.945043563842773,8,1.2437101065472442,0.5876225741349643,-0.22807203278433555
5fqs.pdb,6.788124561309815,0.9225980043411256,7.933274269104004,7,1.4185244804928296,0.472767766593155,-0.31784185642467044
5fqt.pdb,6.699527740478516,0.9782508015632628,7.758546352386475,7,1.1378703009927271,-0.26618206861049915,0.024065383489988875
5fqv.pdb,6.856827735900879,0.9975347518920898,7.972559452056885,8,1.389542697347902,0.754376705099187,-0.1730096937862076
5gs4.pdb,5.997262477874756,1.238474726676941,7.654221534729004,12,-0.5032008817250753,-0.906044853705822,-0.29317103753792423
5gtr.pdb,6.450999736785889,1.2448365688323977,7.940847873687744,15,0.2583106213922228,0.59816295723916,-0.24753905363659298
5hyr.pdb,6.268877983093262,1.3614739179611206,7.926706314086914,13,-0.26030794029267873,0.5338787689191034,-0.2712940463813293
5jmm.pdb,5.843361854553223,1.8066736459732056,7.956080436706543,15,-1.7957766277814424,0.812585339797034,-0.15730809043489302
5kcc.pdb,6.2971296310424805,1.3693807125091553,7.787370204925537,14,-0.2560029700343976,-0.026965449796605524,0.07744851091951448
5kcd.pdb,6.361325263977051,1.3817410469055176,7.8632073402404785,14,-0.16409474361907184,0.345424909566097,0.02921890376173755
5kce.pdb,4.673605918884277,1.7552881240844729,7.423315525054932,10,-3.6536745355695115,-2.231024326014341,-0.772556757952718
5kcf.pdb,5.95807409286499,1.359394669532776,7.862138271331787,12,-0.7624323480976596,0.060439774898244945,-0.5775445455297392
5kct.pdb,6.309781551361084,1.36661696434021,7.907399654388428,13,-0.2087219943493795,0.4838171497551182,-0.16361808924871177
5kcu.pdb,6.202991008758545,1.3472468852996826,7.958234786987305,12,-0.3317926617729108,0.6106082847034315,-0.4560268005923853
5kcw.pdb,4.6885271072387695,1.7757281064987185,7.691896438598633,10,-3.620839487558486,-1.0710681343067934,-1.2843936682151018
5kd9.pdb,5.414352416992188,1.5674281120300293,7.216058254241943,11,-2.148369855423361,-2.8085656527356493,0.38514422928621683
5kr9.pdb,6.5465192794799805,1.4217655658721924,7.914740085601807,16,0.062208941067815084,0.7198214546960425,0.2517982040173195
5kra.pdb,5.974883079528809,1.827786445617676,7.8712639808654785,14,-1.6429144349197147,0.5602948542131044,0.24504556858590143
5krc.pdb,6.562190055847168,1.4220640659332275,7.888632297515869,16,0.08181949767575505,0.6202610218658325,0.3297447581260249
5krf.pdb,6.484153747558594,1.4194490909576416,7.778839588165283,16,-0.05718161072575463,0.10540692177611985,0.4473227451986531
5krh.pdb,6.486030101776123,1.4185099601745603,7.921196460723877,15,-0.026529799042176932,0.7050214362213906,0.1469411201860466
5kri.pdb,5.751436233520508,1.5983998775482178,7.960442543029785,12,-1.5370833166657996,0.571530243953499,-0.6602767657550885
5krj.pdb,6.3678083419799805,1.4197999238967896,7.919485092163086,14,-0.2174145653828676,0.6231307640509866,-0.014288388876006825
5krk.pdb,6.385185718536377,1.4063514471054075,7.939080715179443,15,-0.1601167765146652,0.7038487038753094,-0.05470355009230627
5krl.pdb,6.4184651374816895,1.4295496940612793,7.90997314453125,15,-0.15747366711878538,0.6250003078636681,0.0944833392245925
5krm.pdb,6.556240558624268,1.4441968202590942,7.941888332366943,16,0.039076395210805706,0.8619383576588949,0.24724300738147187
5kro.pdb,6.4130048751831055,1.4150851964950562,7.990646362304687,15,-0.12344673516043646,0.9472060544983487,-0.10929898002247525
5n10.pdb,5.883394241333008,1.4230095148086548,7.57668399810791,8,-1.0564988134070443,-1.1280622958910338,0.03236809645147207
5t0x.pdb,5.136347770690918,2.047964811325073,7.68794059753418,7,-3.4374049954144863,-0.5381929617338367,-0.1675033126300623
5t1z.pdb,6.348350524902344,1.3786137104034424,7.973579406738281,14,-0.1586292431977022,0.7987422369383378,-0.22825965957941724
5t92.pdb,6.216952800750732,1.354801893234253,7.88221263885498,13,-0.33804334919268997,0.30679563460761244,-0.26214367456879273
5t97.pdb,6.179532051086426,1.3452118635177612,7.854197978973389,13,-0.3840507442782691,0.15559599872305838,-0.2724771438402027
5tld.pdb,5.90973424911499,1.3997550010681152,7.672308444976807,12,-0.9521122593019313,-0.7309462910516324,-0.17347267299821137
5tlf.pdb,6.440061569213867,1.4031647443771362,7.982625961303711,15,-0.0587294127659099,0.9193489496844458,-0.07489566007162658
5tlg.pdb,6.252457141876221,1.349944233894348,7.975371360778809,13,-0.2552232401396303,0.7171164865519191,-0.41767610743363154
5tll.pdb,6.585053443908691,1.4164230823516846,7.97042179107666,16,0.14398589731024716,0.9738459855655813,0.1790467066767112
5tlm.pdb,5.860141277313232,1.507392406463623,7.917472839355469,13,-1.1953596914945253,0.3728870733406312,-0.5746135101769568
5tlo.pdb,5.64815616607666,1.4747167825698853,7.780799865722656,11,-1.4940004917059815,-0.37008015939012995,-0.6419692381654915
5tlp.pdb,4.97576379776001,1.9018738269805908,7.823386669158935,11,-3.3847986714222884,-0.21166233142366764,-0.9364309031704084
5tlt.pdb,6.350023746490479,1.3781085014343262,7.913537979125977,14,-0.1658874790532825,0.5465603640393801,-0.09965922824092675
5tlu.pdb,6.07103967666626,1.386069655418396,7.83893346786499,12,-0.6386966325077137,0.060964433740930635,-0.3221458334073303
5tlv.pdb,6.517564296722412,1.4388020038604736,7.811316967010498,16,-0.03568771933441206,0.28221168481573083,0.4595925520469361
5tlx.pdb,6.587667942047119,1.4346786737442017,7.989678859710693,17,0.11621759195017281,1.074159861208031,0.1738593229346135
5tly.pdb,6.530011177062988,1.4268677234649658,7.997868061065674,16,0.041138640283533756,1.0640913115880097,0.06138022684939103
5tm1.pdb,6.544326305389404,1.4221935272216797,7.938114166259766,16,0.06213336599649203,0.8172281045181167,0.19995911470907818
5tm2.pdb,5.526198863983154,1.6333850622177124,7.509095191955566,12,-2.045225308024911,-1.4396097338205671,0.03803885846864277
5tm3.pdb,6.146085262298584,1.3365941047668457,7.445094108581543,12,-0.49480864536025576,-1.596476238994777,0.5313348056597217
5tm4.pdb,6.4227800369262695,1.279463768005371,7.830045700073242,11,0.12611047090382882,0.14688420478822745,0.0076435259910415795
5tm5.pdb,6.434802532196045,1.4282832145690918,7.987646102905273,15,-0.11492477226602622,0.9612723858537795,-0.0490827268629576
5tm6.pdb,6.386961936950684,1.4299191236495972,7.864140033721924,16,-0.216627712982475,0.41216869944975515,0.14763538944554253
5tm7.pdb,6.062594890594482,1.3201887607574463,7.878195285797119,11,-0.5171660506653482,0.15744629355213824,-0.5322821417542585
5tm8.pdb,5.929469108581543,1.2518787384033203,7.803553104400635,10,-0.6099474699875052,-0.30801258666243037,-0.6817436224372474
5tm9.pdb,6.320630073547363,0.8936047554016113,7.812821388244629,10,0.7092104564934153,-0.36247003084348983,-0.7742676160845268
5tml.pdb,6.423507690429688,1.392890214920044,7.965900421142578,14,-0.06816338385364533,0.8284187839780158,-0.08083048996840615
5tmm.pdb,5.779320240020752,1.3995193243026731,7.451910972595215,12,-1.1991343734975017,-1.7427891391909778,0.10839451118727779
5tmo.pdb,6.298309326171875,1.353283166885376,7.929501533508301,13,-0.1970866058485115,0.5566681632874614,-0.249917897341242
5tmq.pdb,6.245794296264648,1.3640011548995972,7.922426700592041,13,-0.3027110817275656,0.5034680242822394,-0.2904476956069792
5tmr.pdb,6.549349308013916,1.4475027322769165,7.98531436920166,16,0.029582585121168962,1.0435138643307877,0.15133654636836585
5tms.pdb,6.406829357147217,1.443911910057068,7.94470739364624,15,-0.1975471293641539,0.7775741284902667,0.029584797106477875
5tmt.pdb,6.424635410308838,1.4229552745819092,7.99239444732666,14,-0.11989844010736875,0.9696068203381973,-0.08281339866792467
5tmu.pdb,6.322505474090576,1.4095507860183716,7.8409318923950195,14,-0.2838572841902083,0.25347087240499167,0.07008410831574292
5tmv.pdb,6.292900562286377,1.3762184381484983,7.714069366455078,14,-0.28930638679764076,-0.3316946043937764,0.2386045647585469
5tmw.pdb,5.963391780853272,1.2260076999664309,7.862452507019043,10,-0.4950883382273053,-0.0631540380756451,-0.8036835788258005
5tmz.pdb,6.51229190826416,1.4367492198944092,7.903424263000488,16,-0.023370082769388553,0.6646161455916717,0.25354776802479984
5tn1.pdb,6.474520683288574,1.4196187257766724,7.953887939453125,15,-0.041055774057254996,0.8363253032328799,0.06339595336509472
5tn3.pdb,6.451316356658936,1.4414952993392944,7.682392597198486,16,-0.16970911663401575,-0.3005073465414206,0.6436103778617103
5tn4.pdb,6.528765678405762,1.428057074546814,7.938468933105469,16,0.026065651188587793,0.8143692931519118,0.18745513201918446
5tn5.pdb,6.614667892456055,1.4225443601608276,7.9639716148376465,16,0.17804862465401072,0.9716001182605061,0.24525490209495232
5tn6.pdb,6.565315246582031,1.4556143283843994,7.899024963378906,16,0.0235761462569345,0.6982993835956882,0.3707622428638336
5tn7.pdb,4.868494987487793,1.8659918308258057,7.56965970993042,11,-3.531882531160292,-1.3832507042334163,-0.6135482413959722
5tn8.pdb,6.480667591094971,1.42231023311615,7.85275411605835,16,-0.05486033526410066,0.41709593217249025,0.29090321725288854
5u2b.pdb,6.327357769012451,1.2899788618087769,7.859928131103516,12,-0.04066902523242159,0.22151964948372643,-0.1721346218477732
5u2d.pdb,6.296957969665527,1.3979949951171875,7.756927490234375,14,-0.3173267226926223,-0.12770762592091547,0.19163948074067913
5ufw.pdb,6.349395751953125,1.376899242401123,7.875024318695068,14,-0.17153209524100033,0.3828536549465108,-0.021119241686714457
5ufx.pdb,6.3786301612854,1.3726756572723389,7.877079963684082,14,-0.11645630525905258,0.40621983210101853,0.00847389130472503
5w9c.pdb,7.085537433624268,0.4281743764877319,7.68472957611084,3,2.805927788180005,-0.8582641167478113,-0.234860870664635
5w9d.pdb,6.369979381561279,1.3633345365524292,7.981723785400391,14,-0.09309467686707015,0.8322203596434382,-0.24161888401039677
5wgd.pdb,6.239963054656982,1.3692338466644287,7.835669994354248,13,-0.3378917180596306,0.13951736938558287,-0.10587152325334163
5wgq.pdb,6.530980587005615,1.427580952644348,7.934086322784424,16,0.029717426236666362,0.7968832242719468,0.19903296568384954
6b0f.pdb,5.641157150268555,1.2944225072860718,7.69988489151001,12,-1.1699771427737395,-0.8886835061993319,-0.795476118423214
6c42.pdb,6.351410865783691,1.3682955503463743,7.874320983886719,14,-0.15175925653333328,0.3729092175854878,-0.031810087230889225
6cbz.pdb,5.6943464279174805,1.7080566883087158,7.74363899230957,11,-1.8800445831338544,-0.2723626731289354,-0.09042316679160718
6chw.pdb,6.640618801116943,1.147597312927246,7.854808330535889,10,0.7330279733263007,0.264169402744648,0.032796723187064766
6chz.pdb,6.247668266296387,1.1984373331069946,7.61962890625,8,-0.03343791134974088,-0.929376446726646,0.06408064331350284
6czn.pdb,6.318580627441406,1.39711332321167,7.98028039932251,14,-0.24066872046476706,0.8256320146961986,-0.25221269151002373
6d0f.pdb,6.30413293838501,1.3917019367218018,7.944289684295654,14,-0.2596862054165117,0.6596282690623829,-0.20588824506806105
6hhp.pdb,6.224713325500488,2.092010259628296,7.799518585205078,5,-1.771208103837361,0.6729134799451145,1.2116028530368288
6hkb.pdb,5.762908458709717,1.8660253286361692,7.628181457519531,4,-2.098461216652499,-0.5624157388817285,0.5268596811317432
6hkf.pdb,6.239535331726074,1.9420071840286253,7.763774871826172,5,-1.4630482402887817,0.3876357687974339,1.0462151195879208
6hmu.pdb,6.200623035430908,1.917112946510315,7.422195434570312,5,-1.5386586689681592,-1.0993329132825425,1.6709104924879132
6iar.pdb,6.635289192199707,0.991837441921234,7.844327449798584,7,1.0248870304588864,0.0667656935410742,-0.22461643655544516
6owc.pdb,6.155378341674805,1.2801358699798584,7.763014316558838,12,-0.3127543258076205,-0.3064034878157461,-0.2272369900479029
6pfm.pdb,6.11595630645752,1.2502208948135376,7.819124221801758,11,-0.3072337939103492,-0.12428428601608435,-0.45400719913716187
6pit.pdb,5.4426140785217285,1.8745508193969729,7.774203300476074,12,-2.598029036817987,-0.14517764183110596,-0.2201362361747725
6psj.pdb,6.369931221008301,1.3793954849243164,7.923593044281006,14,-0.13488984865463766,0.6029151510227954,-0.09056035279324653
6sbo.pdb,6.293027400970459,1.3870724439620972,7.958203792572021,13,-0.2658439979652578,0.7066192487083939,-0.2591308322003348
6sq0.pdb,6.125233173370361,1.3805644512176514,7.94322919845581,13,-0.5228668028479514,0.5295513121772697,-0.4759712239202202
6suo.pdb,6.374818325042725,1.3689789772033691,7.8860554695129395,14,-0.11371768639895248,0.4380014076135751,-0.022373860312833973
6tjm.pdb,6.248289108276367,0.7580893039703369,7.372091293334961,5,0.777072237570712,-2.394754671723168,-0.18012968558308465
6tl3.pdb,6.700103759765625,0.5941191911697388,7.74665641784668,6,1.8820066460399119,-0.6854420317102173,-0.6209194794142734
6v87.pdb,6.467396259307861,1.3426320552825928,7.940438747406006,14,0.09455565565259355,0.7010604060328666,-0.0526746848403336
6v8t.pdb,6.382174015045166,1.3747600317001345,7.905906200408935,14,-0.1096298693690487,0.5318577693636717,-0.04390604946593633
6vgh.pdb,6.336511135101318,1.3668173551559448,7.924190044403076,14,-0.16354029929064204,0.5718632397470268,-0.1610339836788942
6vjd.pdb,7.415410995483398,0.371503621339798,7.90749979019165,4,3.481110029901924,0.23691932250773395,-0.3392161367487294
6vpf.pdb,5.701756477355957,1.387955665588379,7.251552104949951,7,-1.3364615507293358,-2.6472268164025357,0.40275334429274984
6zoq.pdb,6.375400066375732,1.3649836778640747,7.929226398468018,14,-0.0972020806409678,0.6162778823562066,-0.11993037540456658
6zor.pdb,6.2219061851501465,1.3515950441360474,7.962420463562012,13,-0.309379165283173,0.6445612049396409,-0.4305570220786837
6zos.pdb,6.359394550323486,1.3657193183898926,7.937857627868652,14,-0.12252464969748723,0.643043129110813,-0.15954291008190385
7b9m.pdb,6.284396171569824,1.968259334564209,7.994099140167236,5,-1.4008077022606207,1.4113544346037286,0.667845792487406
7b9r.pdb,5.847339630126953,2.4216468334198,7.971356391906738,4,-2.979984694098275,1.4711181763244205,0.8901613818389952
7b9t.pdb,6.52192497253418,1.9516780376434328,7.862551689147949,6,-1.0146465613212623,0.9941465066144807,1.2531369059293005
7ba3.pdb,6.251578330993652,2.2416863441467285,7.855022430419922,5,-2.0088290185892337,1.0678385926809038,1.3935083217655886
7ba5.pdb,6.702457904815674,1.993599534034729,7.912627696990967,7,-0.7997032878494482,1.3612418263937869,1.4755254391362411
7ba6.pdb,6.205368995666504,1.96671462059021,7.92357063293457,5,-1.5363335584504243,1.0621933423146748,0.702763723723862
7ba7.pdb,6.486576080322266,1.969138503074646,7.990508556365967,6,-1.0815311954995304,1.52693263279297,0.9627638036687909
7ba8.pdb,5.999208927154541,1.977015495300293,7.639616012573242,4,-1.9358389795277753,-0.25573094862379825,1.0305297849912338
7ba9.pdb,6.566810131072998,2.101859331130981,7.993147373199463,6,-1.2109480193047093,1.7172626401800468,1.3024141962284879
7baa.pdb,6.397521018981934,2.102482795715332,7.991803169250488,5,-1.481712429633,1.6034788578841719,1.0670596534682084
7bab.pdb,6.253598690032959,1.7443944215774536,7.789088726043701,5,-1.052627382817815,0.31311371745280886,0.6673248993920347
7jhd.pdb,6.486459732055664,1.4540951251983645,7.931148052215576,16,-0.09308998688138574,0.7814294868142349,0.18863668380760185
7kbs.pdb,6.2838521003723145,1.3596813678741455,7.969107151031494,13,-0.22531055604713313,0.7202758695382678,-0.34302898662158743
7n9o.pdb,7.402208805084228,0.2621023952960968,7.694200992584228,3,3.633668570951632,-0.774788674460588,-0.09738174140606723
7ndo.pdb,5.267088413238525,1.7507007122039795,7.053905963897705,12,-2.7677072678944583,-3.4094681147474324,0.8404175525528712
7nel.pdb,5.576834678649902,1.8089327812194824,7.973188877105713,14,-2.221054355462111,0.715609261207361,-0.5663185254317491
7nfb.pdb,5.725240230560303,1.2784353494644165,7.558283805847168,13,-1.030900504826705,-1.4461942611429512,-0.40475687256902076
7nfw.pdb,6.236856460571289,1.276195049285889,7.79067850112915,6,-0.17046707219961174,-0.14140189662247252,-0.17752126040596422
7niz.pdb,6.919107437133789,0.3727754652500152,7.389082908630371,4,2.5949890945923575,-2.263104764876902,0.059058096621134044
7opw.pdb,6.126857757568359,1.3510633707046509,7.917373180389404,14,-0.46773182284161147,0.39335949930376185,-0.4704635989847943
7oq7.pdb,6.881221771240234,0.684959888458252,7.521480083465576,5,1.9529852677861856,-1.4296997363837873,0.2704999240665323
7oq8.pdb,6.848401069641113,0.9704167246818542,7.739078044891357,5,1.3863698175043022,-0.2600668044437548,0.26203093501808605
7pwt.pdb,6.546426773071289,0.927052080631256,7.718657970428467,6,0.9864179797153245,-0.5816958377934355,-0.1973218510894221
7pwz.pdb,6.381435394287109,0.8639535307884216,7.627382278442383,5,0.8298114960546417,-1.1326321517927171,-0.34750627724056665
7qvj.pdb,6.3739094734191895,1.362526774406433,7.993984699249268,14,-0.08304921971417441,0.8855849134452749,-0.26343306975776176
7qvl.pdb,6.39001989364624,1.3915542364120483,7.942594528198242,14,-0.12307561299222126,0.7075098977251619,-0.08115644532524598
7r62.pdb,6.37249231338501,1.1648714542388916,7.750346183776855,10,0.2539996796403383,-0.3311919425908683,-0.09486187588690577
7rke.pdb,6.4618730545043945,1.3791029453277588,7.986373424530029,14,0.02333946165996308,0.9259838544709855,-0.09402855589722343
7rnm.pdb,6.398289203643799,1.378107666969299,7.864023685455322,14,-0.09809280782091573,0.3691057854713506,0.07339242821226834
7rrz.pdb,6.528222560882568,0.765649139881134,7.561605930328369,6,1.2421360286315337,-1.4098522217178886,-0.1724743022893985
7rs0.pdb,6.112040996551514,0.8164888620376587,7.639701843261719,7,0.4955884036249015,-1.2994499371205956,-0.837284445061722
7rs1.pdb,6.292230606079102,0.6324446797370911,7.162929534912109,6,1.0528069685895787,-3.3679737388196442,0.10534553231670964
7rs2.pdb,6.886096477508545,0.782582700252533,7.887725353240967,6,1.8378012748164296,0.20922244651064004,-0.32749238440888095
7rs7.pdb,6.897376537322998,1.0043379068374634,7.973923683166504,8,1.4410957010513952,0.7927075124316284,-0.1066991983708678
7rs8.pdb,6.682458400726318,1.0179954767227173,7.581517219543457,9,1.0014550864176144,-0.9841871525939702,0.4441613828155515
7rs9.pdb,7.051697254180908,0.8623654246330261,7.877578735351562,7,1.9445898522967495,0.349620841379461,0.0674241654997643
7sfo.pdb,6.452167987823486,1.384720802307129,7.946431159973144,14,-0.010252120204734453,0.7570015251576313,-0.013369288498442874
7t2x.pdb,6.318727493286133,1.342457890510559,7.655445098876953,12,-0.19335334897788783,-0.5943928486562532,0.34025788835675846
7te7.pdb,6.885964393615723,0.8812071681022644,7.956281661987305,7,1.6586639940441739,0.5926419943367737,-0.30055455618122845
7uj7.pdb,6.841234683990479,0.7531781196594238,7.849123001098633,6,1.8164829078314042,-0.010393256600967706,-0.3605383730164008
7uj8.pdb,6.46820068359375,1.342926025390625,7.954165458679199,14,0.09775698291655638,0.759648413690388,-0.08008590601684885
7ujc.pdb,6.30458927154541,1.3536943197250366,7.851970672607422,13,-0.2019696109307597,0.2346972041194215,-0.076177177477117
7ujf.pdb,7.293045043945312,0.2866635620594024,7.656919956207275,3,3.405579952931584,-0.9782185693682558,-0.12985245922519723
7ujm.pdb,7.376374244689941,0.3569852113723755,7.910511493682861,4,3.4477277589304776,0.21055914404571255,-0.42613036844579927
7ujo.pdb,5.736161231994629,1.4811627864837646,7.812901020050049,8,-1.3606792934279175,-0.1722141470556033,-0.5742785868033086
7ujw.pdb,5.970182418823242,0.57889723777771,6.549079895019531,2,0.5329442404331741,-6.2105910357721115,0.856222037630806
7ujy.pdb,7.280569553375244,0.3582572638988495,7.830514430999756,4,3.2783269726443094,-0.18652914744718338,-0.38996074769264616
7wnv.pdb,7.021454334259033,0.6796848773956299,7.8369832038879395,6,2.2435863235316513,-0.016464383313375,-0.2084690792405445
7y8f.pdb,6.5650482177734375,1.2735540866851809,7.950328826904297,13,0.38573968201756537,0.7389530892132852,-0.056243174472489076
7y8g.pdb,5.543336391448975,1.1942657232284546,6.943273067474365,12,-1.2686078199698685,-4.233154779858295,0.49318282162778615
7ymk.pdb,6.423873901367188,1.2515618801116943,7.819586753845215,10,0.18009335128771434,0.07671077895104962,-0.017403861151532474
8afn.pdb,6.31135892868042,0.9549041986465454,7.856273651123047,5,0.583403296785136,-0.12651684789367384,-0.7722948570941313
8ai0.pdb,6.772464752197266,1.0616744756698608,7.916508197784424,8,1.120701049226792,0.5259321826502582,-0.06155207465098118
8alr.pdb,6.002594470977783,1.6156915426254272,7.630775928497314,5,-1.2309360087783079,-0.6384035387770678,0.4228978193297815
8alt.pdb,6.442419528961182,1.6468197107315063,7.912293434143066,5,-0.5405411783418281,0.8591891706490838,0.5029411690417367
8alv.pdb,6.5113935470581055,0.8705751299858093,7.546227931976318,5,1.0089710376914403,-1.384451294538163,0.019572550798556423
8alw.pdb,6.116948127746582,1.7942520380020142,7.726722717285156,5,-1.3780828693375864,0.010762354485997905,0.6932967314440526
8am7.pdb,6.674026966094971,1.5892993211746216,7.973761081695557,6,-0.04931928702746508,1.211371428772908,0.5997077212443348
8anf.pdb,6.815623283386231,1.2468032836914062,7.972438812255859,8,0.8402845290339618,0.9672275173901441,0.20440682092181034
8aoy.pdb,6.884799003601074,1.26912260055542,7.949965953826904,8,0.9029426471924666,0.938519317330672,0.3887509354027445
8aps.pdb,6.514947414398193,1.4756776094436646,7.969489097595215,5,-0.08268933303125815,0.9819033005314706,0.1854281169101846
8aq1.pdb,6.783267498016357,1.4482148885726929,7.978933811187744,6,0.3991669366161601,1.1675694366545055,0.49673160896130447
8aqc.pdb,6.07292366027832,1.2404152154922483,7.704866409301758,5,-0.3774075518549336,-0.6423735416077802,-0.2900584828299877
8aqe.pdb,6.40217399597168,1.615903377532959,7.827882289886475,6,-0.5598988779848498,0.44823179041863603,0.5707645479303567
8aqz.pdb,6.74716329574585,1.3715635538101196,7.865634918212891,7,0.46989824188882423,0.5936545198038509,0.5516825214725242
8ar4.pdb,6.138000011444092,1.6405659914016724,7.8960771560668945,4,-1.0156307302402916,0.5893919389861898,0.09605448668385021
8ar5.pdb,6.951873302459717,1.4075027704238892,7.993704795837402,8,0.7490709433788795,1.2988708220110754,0.6326697170701472
8arg.pdb,6.650418758392334,1.5514763593673706,7.950405597686768,6,-0.01772349507308158,1.0614946300083983,0.5497188135320834
8aro.pdb,6.224551200866699,1.5507090091705322,7.595309257507324,5,-0.7581852265536698,-0.7076857656072397,0.6982150826028035
8arq.pdb,6.850281238555908,1.4165775775909424,7.921783447265625,7,0.5567888833150895,0.9395709074176749,0.6571905271763596
8arr.pdb,6.491845607757568,1.7837759256362915,7.920525074005127,6,-0.7261714064961319,1.0573532895372022,0.7946017254686989
8arw.pdb,6.429557800292969,1.5741283893585205,7.85280704498291,5,-0.430749578998716,0.5305585585043833,0.4837321541819163
8arx.pdb,6.511600971221924,1.4761720895767212,7.936995506286621,6,-0.0948715947149755,0.8434339524110679,0.250356051354321
8ary.pdb,6.315512657165527,1.5106538534164429,7.877624988555908,5,-0.48450306370409824,0.5007268261795725,0.15911352862074482
8arz.pdb,6.564724445343018,1.5395723581314087,7.99296236038208,6,-0.12322388057421325,1.1741663998550913,0.31769741822541453
8as1.pdb,6.050510883331299,1.6573108434677124,7.698324203491211,5,-1.2232049442676025,-0.2832138016673913,0.42031386211773614
8at9.pdb,5.904189586639404,1.3009419441223145,7.305616855621338,5,-0.8357655010510633,-2.3733228619962077,0.4224385584832774
8atp.pdb,6.411704063415527,1.6395692825317385,7.975884914398193,5,-0.5637905466960139,1.1002026554050037,0.3122266251824407
8au2.pdb,6.919707298278809,1.3347176313400269,7.986005783081055,8,0.8377365925589323,1.1757733433800743,0.4763677281629611
8aus.pdb,6.152440071105957,1.4922685623168943,7.571486949920654,5,-0.7638275166362077,-0.9105146221724757,0.5446427723331247
8auy.pdb,6.791956424713135,1.2102947235107422,7.85977029800415,7,0.8530219622282887,0.4425757130056897,0.34572161376137567
8av3.pdb,5.912446975708008,1.4592087268829346,7.527272224426269,4,-1.089493225415881,-1.2825963295455938,0.2412770999757815
8av4.pdb,6.599080562591553,1.510853886604309,7.957233428955078,6,-0.01932951739037025,1.0181847989767792,0.39174055187363116
8av7.pdb,6.721268653869629,0.7721217274665833,7.970503807067871,7,1.6109148036957597,0.44179032783767164,-0.7540041859255464
8av8.pdb,6.472798824310303,1.5819673538208008,7.940106391906738,7,-0.3613223061210819,0.9333961113757206,0.3737182758909432
8awg.pdb,6.553508758544922,1.5215554237365725,7.915045738220215,6,-0.12025121507594276,0.8216052652042957,0.43533606531589425
8axe.pdb,6.296597003936768,1.4695028066635132,7.933396339416504,6,-0.4246190264394307,0.683780544986444,-0.05758053695777083
8axu.pdb,6.572237491607666,1.554941177368164,7.937096118927002,6,-0.1512363014166793,0.9585848111421935,0.47344039894861917
8aze.pdb,6.5673370361328125,1.567467212677002,7.913394927978516,6,-0.18764082831292941,0.8677084245706259,0.5385725639824703
8b39.pdb,6.474754333496094,1.6949117183685305,7.978183269500732,5,-0.5704587264953752,1.2036172299945944,0.4931499032333971
8bwj.pdb,6.978363990783691,0.6330770254135132,7.672411441802978,5,2.235598263384887,-0.7818165523080062,-0.0023620773311500537
8bwx.pdb,7.046175479888916,0.6399033069610596,7.901370048522949,4,2.371795945034967,0.23220296233429394,-0.3793310592481129
8bwz.pdb,6.972287178039551,0.5953183174133301,7.528753757476807,5,2.27311832158561,-1.4268364060413627,0.2272417949223257
8bx0.pdb,7.173252105712891,0.9590722918510436,7.964529037475586,6,1.9660964223114492,0.8867854349147342,0.22407328321174377
8bx3.pdb,6.751936435699463,0.9128512740135192,7.605593681335449,5,1.3203784501156441,-0.9393646466311891,0.3077364390336545
8bx4.pdb,7.043782234191895,0.9491147994995116,7.872896194458008,5,1.7628176229396186,0.4082861059962826,0.21767729300225133
8bxi.pdb,6.840175151824951,0.8149596452713013,7.547618865966797,6,1.6401776314115972,-1.2209459471041704,0.3842142428966082
8bxm.pdb,6.7603607177734375,0.8329561948776245,7.898914337158203,6,1.542062110593132,0.2240389931259424,-0.44091971672403646
8bxn.pdb,7.290821552276611,0.5333148837089539,7.821437835693359,6,2.9533021672922257,-0.049733330383314095,-0.05047549512839947
8bxo.pdb,7.281354904174805,0.5019506812095642,7.849066734313965,6,3.0041181579938305,0.030327032503736067,-0.17713620638090272
8bxq.pdb,7.270992279052734,0.5117586255073547,7.811789512634277,6,2.9618337925731857,-0.12382666057021766,-0.09572981140767678
8bxs.pdb,6.7176899909973145,0.5371770858764648,7.1827311515808105,3,1.9180960549970338,-3.103019493213381,0.49840105430639997
8by9.pdb,7.291431427001953,0.5448078513145447,7.938019752502441,6,2.9531362891818973,0.4525179010991168,-0.2763619179306675
8byb.pdb,6.79469633102417,0.6198296546936035,7.28039026260376,3,1.8979488836153218,-2.5629041377233532,0.5448596973535522
8byc.pdb,6.828564167022705,0.7534893751144409,7.785830020904541,4,1.7842315901891144,-0.28469058135799896,-0.24390253561378628
8byd.pdb,6.609780788421631,0.5662865042686462,7.085246562957764,3,1.672247883821278,-3.554720729769745,0.6031092373723359
8bye.pdb,6.742856502532959,0.658234179019928,7.358393669128418,3,1.7551206339815446,-2.2308596028434797,0.37352010021738047
8byf.pdb,6.907329082489014,0.7206966876983643,7.932162761688232,4,1.9997314552264016,0.35039675831061706,-0.49965945910121157
8byg.pdb,7.19381856918335,0.5053122639656067,7.8445258140563965,3,2.857515237099424,-0.041775279698807885,-0.285382808317802
8byo.pdb,6.723593235015869,0.9634340405464172,7.417000770568848,5,1.1428985349775815,-1.7028656596262444,0.7553105032320041
8byy.pdb,6.9271440505981445,0.644922137260437,7.879507541656494,4,2.1687291556301997,0.06854488475874705,-0.49252838172246116
8byz.pdb,6.488546848297119,1.160627841949463,7.949553966522217,5,0.4830230679004496,0.5779119228163802,-0.35998806498873104
8bz0.pdb,6.165907382965088,0.964809238910675,7.243044376373291,5,0.22146405216060794,-2.792056828628091,0.33772086199070483
8bz9.pdb,6.355636596679688,1.1766204833984375,7.911407470703125,12,0.23362722466377153,0.34734370148052174,-0.43915887923880487
8bza.pdb,6.313751220703125,1.2958835363388062,7.9521565437316895,6,-0.05702850237036077,0.6067373467631607,-0.3763166442355699
8bzb.pdb,6.586286067962647,0.6006096601486206,7.357309818267822,4,1.6176626168009587,-2.3914193886904807,0.053848971288755876
8bzc.pdb,6.9187092781066895,0.8235850930213928,7.736349582672119,4,1.7826388107556856,-0.36766566557875024,0.11071352124747601
8bzd.pdb,6.929632663726807,0.6206685900688171,7.71007776260376,5,2.188990758899242,-0.6664793465115799,-0.1726636620906587
8bze.pdb,6.78824520111084,0.7983273863792419,7.971833229064941,5,1.6668544956031313,0.5156148065282637,-0.6163736558382649
8bzf.pdb,6.894418239593506,0.9648364186286926,7.708629608154297,5,1.4648757456485137,-0.3640673610597161,0.38179322184103714
8bzg.pdb,6.88523530960083,0.2621242105960846,7.13572883605957,4,2.7098188839061823,-3.4579205713602312,0.3542959184368446
8bzh.pdb,6.991961479187012,0.5526793003082275,7.728642463684082,5,2.4234439447069427,-0.613705674269175,-0.2426252812153928
8bzt.pdb,6.977790832519531,1.350394606590271,7.959970951080322,7,0.8949912014012238,1.1185549862825677,0.6409720399953776
8bzw.pdb,6.831514358520508,0.4535065591335296,7.245038032531738,3,2.2728395758883155,-2.848108493097152,0.3812278372457874
8c04.pdb,6.749446392059326,0.6161416172981262,7.688803195953369,4,1.90726652513411,-0.8761224978665684,-0.39022176022410693
8c0k.pdb,6.753586769104004,0.6317669749259949,7.638718128204346,4,1.8744405172747907,-1.0692849833251934,-0.2510376488580539
8c0l.pdb,7.422098636627197,0.5942915081977844,7.959619045257568,6,3.068907878813168,0.6749778456320645,-0.05095937490031778
8c42.pdb,6.864706516265869,0.8237617015838623,7.661971092224121,5,1.6828835485798002,-0.7153071079836701,0.19216109772461215
8c4f.pdb,6.75234317779541,1.1043086051940918,7.657534599304199,5,0.9589466590304839,-0.5362339824310365,0.5327668994018039
8c4g.pdb,6.41855001449585,1.2065658569335938,7.535254955291748,7,0.20731562226815425,-1.167017234791211,0.49845343276810883
8du6.pdb,6.301889896392822,1.3376774787902832,7.798028945922852,13,-0.184977370902609,-0.0095373825018319,0.006233967499124099
8du8.pdb,6.376425743103027,1.3615520000457764,7.960597515106201,14,-0.08321613980812219,0.7457053066035572,-0.19089271094889776
8du9.pdb,6.248189926147461,1.3311703205108645,7.838498115539551,13,-0.2504312888525385,0.12008619321255459,-0.16671697186390322
8dub.pdb,6.269996166229248,1.347720980644226,7.936685562133789,13,-0.23003084744662575,0.563377146378691,-0.31486383666827966
8duc.pdb,6.832939624786377,1.1713879108428955,7.855741500854492,8,0.9929836947826134,0.4145035338551732,0.3442213622003915
8dud.pdb,6.849094867706299,1.0951945781707764,7.972924709320068,8,1.1878057433118447,0.844906825465094,-0.014128581476397837
8dug.pdb,6.215101718902588,1.287588596343994,7.713246822357178,12,-0.24124106900165468,-0.47039417289572716,-0.02443422566570017
8duh.pdb,6.411727428436279,1.368595838546753,7.982605934143066,14,-0.03672954558778254,0.8678084173086548,-0.17528580275354877
8dui.pdb,6.195383548736572,1.2853111028671265,7.766507625579834,12,-0.2585207001320341,-0.2610247513409157,-0.16904601023216767
8dus.pdb,5.205668926239014,1.5859538316726685,7.378738880157471,11,-2.486763801724832,-2.239892716109069,-0.2218919525979666
8dv5.pdb,6.337850570678711,1.3453238010406494,7.970653057098389,13,-0.11126760834513388,0.7476506729125986,-0.29505402449678003
8dv7.pdb,6.27133846282959,1.3369271755218506,7.867153167724609,13,-0.21957434146625002,0.2611277130070864,-0.18460853540550523
8dv8.pdb,6.421550273895264,1.3758668899536133,7.955350875854492,14,-0.040160063373058774,0.7663705758613215,-0.09099718562320502
8dvb.pdb,6.425543308258057,1.375732660293579,7.958708763122559,14,-0.0329377367234206,0.782942410701147,-0.09269672215153892
8ev1.pdb,5.926435947418213,1.4257020950317385,7.760776519775391,11,-0.9598298906297096,-0.322811265193205,-0.29184426184606593
8ev2.pdb,6.1273274421691895,1.2551368474960327,7.81366491317749,11,-0.29967438529303186,-0.13523493822380406,-0.41778905618781664
8w03.pdb,6.001811027526856,1.1250827312469482,7.678482532501221,7,-0.2715317150668497,-0.9100811422119082,-0.5361708584274402
9bqe.pdb,6.414058208465576,1.359896898269653,7.89498233795166,14,-0.03204986878154483,0.4920465466528452,-0.0016720158367755755
